,"Date Of
Service","Provider (Assessment
Performed By Person)",Provider Category For Coverage,Patient Name,Patient ID,Gender,DOB,Account Number,Episode Admit Date,Payer Primary Secondary,Dx List Primary Dx First,"CPT
Code","Tele
Psychiatry",test
0,,,,,,,,,,,,,,
1,01/24/2023,"HIGDON,CLAUDINE",ATTENDING MD/DO,"CASTRO,JOSEPH",270006,M,08/12/2007,000061233173,1 03/23/2022,HC5,HC5,F31.9,99214,
2,,,,,,,,,,,,F41.1,,
3,01/24/2023,"HIGDON,CLAUDINE",ATTENDING MD/DO,ESPINAL MIA,210884,F,08/17/2003,000061170237,1 05/15/2015,HLP,,F90.2,99442,Phone
4,,,,,,,,,,,,F41.1,,
5,,,,,,,,,,,,F81.9,,
6,01/24/2023,"HIGDON, CLAUDINE",ATTENDING MD/DO,"FLANZRAICH,BAILEY",207119,F,01/16/2001,000061176176,5 03/29/2016,HLX,SOD,F31.76,99214,Video
7,,,,,,,,,,,,F40.10,,
8,,,,,,,,,,,,F41.1,,
9,01/24/2023,"HIGDON,CLAUDINE",ATTENDING MD/DO,"MALINOWSKI,PATRICK",206146,M,1 1/17/2008,000061183616,2 04/10/2017,HC2,,F90.2,99214,Video
10,,,,,,,,,,,,F42.2,,
11,,,,,,,,,,,,"F91,3",,
12,01/24/2023,"HIGDON,CLAUDINE",ATTENDING MD/DO,"NADEEM,RABIA",247797,F,08/29/2005,000061207910,I 08/06/2019,H09,,F31.30,99214,Video
13,,,,,,,,,,,,F41.1,,
14,,,,,,,,,,,,F90.2,,
15,01/24/2023,"HIGDON,CLAUDINE",ATTENDING MD/DO,RAHR SARA,263079,F,08/21/2006,000061224931,"1 06/02/2021
:unselected:",HVE,,F41.1,99214,Video
16,,,,,,,,,,,,F50.01,,
17,,,,,,,,,,,,F90.2,,
18,01/24/2023,"HIGDON,CLAUDINE",ATTENDING MD/DO,"WINTER,DANIEL",260283,M,06/11/2013,000061222003,"1 02/03/2021
:unselected:",HLP,,F90.2,99214,
19,,,,,,,,,,,,F41.1,,
20,,,,,,,,,,,,F91.3,,
21,01/24/2023,"NAQVI,SHOEBA",ATTENDING MD/DO,"FABREGAS, MARCUS",276713,M,04/10/2009,000061241943,1 01/24/2023,HUS,,F41.9,90792,Video
22,01/24/2023,"NAQVI,SHOEBA",ATTENDING MD/DO,"GUSIKOFF,JORDAN",195649,"M
:selected:",10/29/2002,000061155515,2 03/26/2013,HMF,SOD,F90.9,99214,Video
23,,,,,,,,,,,,K50.90,,
24,01/24/2023,"NAQVI,SHOEBA",ATTENDING MD/DO,"LUCAS,ALIYA",245751,F,05/14/2010,000061205505,1 05/20/2019,BCG,HVG,F32.9,99214,Video
25,,,,,,,,,,,,F41.9,,
26,,,,,,,,,,,,"F43,10",,
27,01/24/2023,"NAQVI,SHOEBA",ATTENDING MD/DO,"MAHAFFY, KAYLEIGH",233470,F,04/15/2007,000061229246,4 12/01/2021,AMO,,F41.9,99214,Video
28,,,,,,,,,,,,F32.A,,
29,,,,,,,,,,,,F90.0,,
30,01/24/2023,"NAQVI,SHOEBA",ATTENDING MD/DO,"PERICON,LUKE",275540,"M
:selected:",04/25/2005,000061240342,1 11/30/2022,H09,,F43.23 F41.1,99214,Video
31,,,,,,,,,,,,F84.0,,
32,01/24/2023,"NAQVI,SHOEBA",ATTENDING MD/DO,"REECE,ISABELLA NICOLE",276711,F,10/18/2012,000061241939,1 01/23/2023,HVE,,F40.10,90792,Video
33,,,,,,,,,,,,F93.0,,
34,01/24/2023,"NAQVI,SHOEBA",ATTENDING MD/DO,"SEQUEIRA, THOMAS",237084,"M
:selected:",04/07/2005,000061236521,4 07/20/2022,HVE,HVG,F40.10,99215,Video
35,,,,,,,,,,,,F31.9,,
36,,,,,,,,,,,,F43.21,,
37,01/24/2023,"NAQVI,SHOEBA",ATTENDING MD/DO,"VIJA YARAJAH,JOSHUA",213979,"M
:selected:",08/26/2001,000061173423,5 07/12/2022,HXF,,F20.9,99214,Video
